,DP03_0003E,GEO_ID,NAME_TRACT,DP03_0005E,DP05_0001E,NAME_COUNTY,GEO_STATE,GEO_COUNTY,GEO_PLACE,GEO_TRACT,MSA,Rural,Unemp_Rate,HUA_ACS,HUA_LUAS,MSA_Check,ADJ_HUA_LUAS,ADJ_HUA_ACS,QUALIFIED_ADJ_HUA,QUALIFIED_HUA,QUALIFIED_RURAL
65,0,1400000US01003990000,"Census Tract 9900, Baldwin County, Alabama",0,0,"Census Tract 9900, Baldwin County, Alabama",01,01003,0100399,01003990000,Metropolitan Statistical Area,NO,,NO,NO,YES,,,,NO,NO
1129,719,1400000US01097007203,"Census Tract 72.03, Mobile County, Alabama",122,1610,"Census Tract 72.03, Mobile County, Alabama",01,01097,0109700,01097007203,Metropolitan Statistical Area,NO,16.97,YES,YES,YES,,,,YES,NO
1137,0,1400000US01097990000,"Census Tract 9900, Mobile County, Alabama",0,0,"Census Tract 9900, Mobile County, Alabama",01,01097,0109799,01097990000,Metropolitan Statistical Area,NO,,NO,NO,YES,,,,NO,NO
1536,560,1400000US02016000100,"Census Tract 1, Aleutians West Census Area, Alaska",15,950,"Census Tract 1, Aleutians West Census Area, Alaska",02,02016,0201600,02016000100,,NO,2.68,NO,NO,NO,,,,NO,NO
1537,3404,1400000US02016000200,"Census Tract 2, Aleutians West Census Area, Alaska",144,4758,"Census Tract 2, Aleutians West Census Area, Alaska",02,02016,0201600,02016000200,,YES,4.23,YES,YES,NO,,,,YES,YES
1705,648,1400000US02198940100,"Census Tract 9401, Prince of Wales-Hyder Census Area, Alaska",99,1582,"Census Tract 9401, Prince of Wales-Hyder Census Area, Alaska",02,02198,0219894,02198940100,,NO,15.28,YES,YES,NO,,,,YES,NO
4893,0,1400000US06001990000,"Census Tract 9900, Alameda County, California",0,0,"Census Tract 9900, Alameda County, California",06,06001,0600199,06001990000,Metropolitan Statistical Area,NO,,NO,NO,YES,,,,NO,NO
5244,0,1400000US06013990000,"Census Tract 9900, Contra Costa County, California",0,0,"Census Tract 9900, Contra Costa County, California",06,06013,0601399,06013990000,Metropolitan Statistical Area,NO,,NO,NO,YES,,,,NO,NO
5253,0,1400000US06015990000,"Census Tract 9900, Del Norte County, California",0,0,"Census Tract 9900, Del Norte County, California",06,06015,0601599,06015990000,Micropolitan Statistical Area,NO,,NO,NO,NO,,,,NO,NO
5598,0,1400000US06023990100,"Census Tract 9901, Humboldt County, California",0,0,"Census Tract 9901, Humboldt County, California",06,06023,0602399,06023990100,Micropolitan Statistical Area,NO,,NO,NO,NO,,,,NO,NO
8645,0,1400000US06037990100,"Census Tract 9901, Los Angeles County, California",0,0,"Census Tract 9901, Los Angeles County, California",06,06037,0603799,06037990100,Metropolitan Statistical Area,NO,,NO,NO,YES,,,,NO,NO
8646,0,1400000US06037990200,"Census Tract 9902, Los Angeles County, California",0,0,"Census Tract 9902, Los Angeles County, California",06,06037,0603799,06037990200,Metropolitan Statistical Area,NO,,NO,NO,YES,,,,NO,NO
8647,0,1400000US06037990300,"Census Tract 9903, Los Angeles County, California",0,0,"Census Tract 9903, Los Angeles County, California",06,06037,0603799,06037990300,Metropolitan Statistical Area,NO,,NO,NO,YES,,,,NO,NO
8746,0,1400000US06041990100,"Census Tract 9901, Marin County, California",0,0,"Census Tract 9901, Marin County, California",06,06041,0604199,06041990100,Metropolitan Statistical Area,NO,,NO,NO,YES,,,,NO,NO
8776,0,1400000US06045990100,"Census Tract 9901, Mendocino County, California",0,0,"Census Tract 9901, Mendocino County, California",06,06045,0604599,06045990100,Micropolitan Statistical Area,NO,,NO,NO,NO,,,,NO,NO
8957,0,1400000US06053990000,"Census Tract 9900, Monterey County, California",0,0,"Census Tract 9900, Monterey County, California",06,06053,0605399,06053990000,Metropolitan Statistical Area,NO,,NO,NO,YES,,,,NO,NO
9692,0,1400000US06059990100,"Census Tract 9901, Orange County, California",0,0,"Census Tract 9901, Orange County, California",06,06059,0605999,06059990100,Metropolitan Statistical Area,NO,,NO,NO,YES,,,,NO,NO
12139,0,1400000US06073990100,"Census Tract 9901, San Diego County, California",0,0,"Census Tract 9901, San Diego County, California",06,06073,0607399,06073990100,Metropolitan Statistical Area,NO,,NO,NO,YES,,,,NO,NO
12389,0,1400000US06075980401,"Census Tract 9804.01, San Francisco County, California",0,0,"Census Tract 9804.01, San Francisco County, California",06,06075,0607598,06075980401,Metropolitan Statistical Area,NO,,NO,NO,YES,,,,NO,NO
12393,0,1400000US06075990100,"Census Tract 9901, San Francisco County, California",0,0,"Census Tract 9901, San Francisco County, California",06,06075,0607599,06075990100,Metropolitan Statistical Area,NO,,NO,NO,YES,,,,NO,NO
12394,0,1400000US06075990200,"Census Tract 9902, San Francisco County, California",0,0,"Census Tract 9902, San Francisco County, California",06,06075,0607599,06075990200,Metropolitan Statistical Area,NO,,NO,NO,YES,,,,NO,NO
12666,0,1400000US06079990000,"Census Tract 9900, San Luis Obispo County, California",0,0,"Census Tract 9900, San Luis Obispo County, California",06,06079,0607999,06079990000,Metropolitan Statistical Area,NO,,NO,NO,YES,,,,NO,NO
12842,0,1400000US06081990100,"Census Tract 9901, San Mateo County, California",0,0,"Census Tract 9901, San Mateo County, California",06,06081,0608199,06081990100,Metropolitan Statistical Area,NO,,NO,NO,YES,,,,NO,NO
12949,2,1400000US06083980100,"Census Tract 9801, Santa Barbara County, California",2,13,"Census Tract 9801, Santa Barbara County, California",06,06083,0608398,06083980100,Metropolitan Statistical Area,NO,100.0,YES,YES,YES,,,,YES,NO
12954,0,1400000US06083990000,"Census Tract 9900, Santa Barbara County, California",0,0,"Census Tract 9900, Santa Barbara County, California",06,06083,0608399,06083990000,Metropolitan Statistical Area,NO,,NO,NO,YES,,,,NO,NO
13455,0,1400000US06087990100,"Census Tract 9901, Santa Cruz County, California",0,0,"Census Tract 9901, Santa Cruz County, California",06,06087,0608799,06087990100,Metropolitan Statistical Area,NO,,NO,NO,YES,,,,NO,NO
13765,0,1400000US06097990100,"Census Tract 9901, Sonoma County, California",0,0,"Census Tract 9901, Sonoma County, California",06,06097,0609799,06097990100,Metropolitan Statistical Area,NO,,NO,NO,YES,,,,NO,NO
14281,7,1400000US06111980000,"Census Tract 9800, Ventura County, California",0,124,"Census Tract 9800, Ventura County, California",06,06111,0611198,06111980000,Metropolitan Statistical Area,NO,0.0,NO,NO,YES,,,,NO,NO
14282,0,1400000US06111990100,"Census Tract 9901, Ventura County, California",0,0,"Census Tract 9901, Ventura County, California",06,06111,0611199,06111990100,Metropolitan Statistical Area,NO,,NO,NO,YES,,,,NO,NO
16103,0,1400000US09001990000,"Census Tract 9900, Fairfield County, Connecticut",0,0,"Census Tract 9900, Fairfield County, Connecticut",09,09001,0900199,09001990000,Metropolitan Statistical Area,NO,,NO,NO,YES,,,,NO,NO
16443,0,1400000US09007990100,"Census Tract 9901, Middlesex County, Connecticut",0,0,"Census Tract 9901, Middlesex County, Connecticut",09,09007,0900799,09007990100,Metropolitan Statistical Area,NO,,NO,NO,YES,,,,NO,NO
16650,0,1400000US09009990000,"Census Tract 9900, New Haven County, Connecticut",0,0,"Census Tract 9900, New Haven County, Connecticut",09,09009,0900999,09009990000,Metropolitan Statistical Area,NO,,NO,NO,YES,,,,NO,NO
16729,0,1400000US09011990100,"Census Tract 9901, New London County, Connecticut",0,0,"Census Tract 9901, New London County, Connecticut",09,09011,0901199,09011990100,Metropolitan Statistical Area,NO,,NO,NO,YES,,,,NO,NO
16843,0,1400000US10001990000,"Census Tract 9900, Kent County, Delaware",0,0,"Census Tract 9900, Kent County, Delaware",10,10001,1000199,10001990000,Metropolitan Statistical Area,NO,,NO,NO,YES,,,,NO,NO
16988,0,1400000US10003990100,"Census Tract 9901, New Castle County, Delaware",0,0,"Census Tract 9901, New Castle County, Delaware",10,10003,1000399,10003990100,Metropolitan Statistical Area,NO,,NO,NO,YES,,,,NO,NO
17069,0,1400000US10005990000,"Census Tract 9900, Sussex County, Delaware",0,0,"Census Tract 9900, Sussex County, Delaware",10,10005,1000599,10005990000,Metropolitan Statistical Area,NO,,NO,NO,YES,,,,NO,NO
17421,0,1400000US12005990000,"Census Tract 9900, Bay County, Florida",0,0,"Census Tract 9900, Bay County, Florida",12,12005,1200599,12005990000,Metropolitan Statistical Area,NO,,NO,NO,YES,,,,NO,NO
17581,0,1400000US12009990000,"Census Tract 9900, Brevard County, Florida",0,0,"Census Tract 9900, Brevard County, Florida",12,12009,1200999,12009990000,Metropolitan Statistical Area,NO,,NO,NO,YES,,,,NO,NO
18027,0,1400000US12011990000,"Census Tract 9900, Broward County, Florida",0,0,"Census Tract 9900, Broward County, Florida",12,12011,1201199,12011990000,Metropolitan Statistical Area,NO,,NO,NO,YES,,,,NO,NO
18078,0,1400000US12015990000,"Census Tract 9900, Charlotte County, Florida",0,0,"Census Tract 9900, Charlotte County, Florida",12,12015,1201599,12015990000,Metropolitan Statistical Area,NO,,NO,NO,YES,,,,NO,NO
18124,0,1400000US12017990000,"Census Tract 9900, Citrus County, Florida",0,0,"Census Tract 9900, Citrus County, Florida",12,12017,1201799,12017990000,Metropolitan Statistical Area,NO,,NO,NO,YES,,,,NO,NO
18284,0,1400000US12021990000,"Census Tract 9900, Collier County, Florida",0,0,"Census Tract 9900, Collier County, Florida",12,12021,1202199,12021990000,Metropolitan Statistical Area,NO,,NO,NO,YES,,,,NO,NO
18312,0,1400000US12029990000,"Census Tract 9900, Dixie County, Florida",0,0,"Census Tract 9900, Dixie County, Florida",12,12029,1202999,12029990000,,NO,,NO,NO,NO,,,,NO,NO
18546,0,1400000US12031990000,"Census Tract 9900, Duval County, Florida",0,0,"Census Tract 9900, Duval County, Florida",12,12031,1203199,12031990000,Metropolitan Statistical Area,NO,,NO,NO,YES,,,,NO,NO
18628,0,1400000US12033990000,"Census Tract 9900, Escambia County, Florida",0,0,"Census Tract 9900, Escambia County, Florida",12,12033,1203399,12033990000,Metropolitan Statistical Area,NO,,NO,NO,YES,,,,NO,NO
18652,0,1400000US12035990000,"Census Tract 9900, Flagler County, Florida",0,0,"Census Tract 9900, Flagler County, Florida",12,12035,1203599,12035990000,Metropolitan Statistical Area,NO,,NO,NO,YES,,,,NO,NO
18658,0,1400000US12037990000,"Census Tract 9900, Franklin County, Florida",0,0,"Census Tract 9900, Franklin County, Florida",12,12037,1203799,12037990000,,NO,,NO,NO,NO,,,,NO,NO
18659,0,1400000US12037990100,"Census Tract 9901, Franklin County, Florida",0,0,"Census Tract 9901, Franklin County, Florida",12,12037,1203799,12037990100,,NO,,NO,NO,NO,,,,NO,NO
18688,0,1400000US12045990000,"Census Tract 9900, Gulf County, Florida",0,0,"Census Tract 9900, Gulf County, Florida",12,12045,1204599,12045990000,,NO,,NO,NO,NO,,,,NO,NO
18769,0,1400000US12053990000,"Census Tract 9900, Hernando County, Florida",0,0,"Census Tract 9900, Hernando County, Florida",12,12053,1205399,12053990000,Metropolitan Statistical Area,NO,,NO,NO,YES,,,,NO,NO
19142,0,1400000US12057980100,"Census Tract 9801, Hillsborough County, Florida",0,0,"Census Tract 9801, Hillsborough County, Florida",12,12057,1205798,12057980100,Metropolitan Statistical Area,NO,,NO,NO,YES,,,,NO,NO
19150,0,1400000US12057990000,"Census Tract 9900, Hillsborough County, Florida",0,0,"Census Tract 9900, Hillsborough County, Florida",12,12057,1205799,12057990000,Metropolitan Statistical Area,NO,,NO,NO,YES,,,,NO,NO
19151,0,1400000US12057990100,"Census Tract 9901, Hillsborough County, Florida",0,0,"Census Tract 9901, Hillsborough County, Florida",12,12057,1205799,12057990100,Metropolitan Statistical Area,NO,,NO,NO,YES,,,,NO,NO
19203,0,1400000US12061990000,"Census Tract 9900, Indian River County, Florida",0,0,"Census Tract 9900, Indian River County, Florida",12,12061,1206199,12061990000,Metropolitan Statistical Area,NO,,NO,NO,YES,,,,NO,NO
19222,0,1400000US12065990000,"Census Tract 9900, Jefferson County, Florida",0,0,"Census Tract 9900, Jefferson County, Florida",12,12065,1206599,12065990000,Metropolitan Statistical Area,NO,,NO,NO,YES,,,,NO,NO
19538,0,1400000US12071990000,"Census Tract 9900, Lee County, Florida",0,0,"Census Tract 9900, Lee County, Florida",12,12071,1207199,12071990000,Metropolitan Statistical Area,NO,,NO,NO,YES,,,,NO,NO
19640,0,1400000US12075990000,"Census Tract 9900, Levy County, Florida",0,0,"Census Tract 9900, Levy County, Florida",12,12075,1207599,12075990000,Metropolitan Statistical Area,NO,,NO,NO,YES,,,,NO,NO
19757,0,1400000US12081990000,"Census Tract 9900, Manatee County, Florida",0,0,"Census Tract 9900, Manatee County, Florida",12,12081,1208199,12081990000,Metropolitan Statistical Area,NO,,NO,NO,YES,,,,NO,NO
19906,0,1400000US12085990000,"Census Tract 9900, Martin County, Florida",0,0,"Census Tract 9900, Martin County, Florida",12,12085,1208599,12085990000,Metropolitan Statistical Area,NO,,NO,NO,YES,,,,NO,NO
20607,0,1400000US12086980100,"Census Tract 9801, Miami-Dade County, Florida",0,0,"Census Tract 9801, Miami-Dade County, Florida",12,12086,1208698,12086980100,Metropolitan Statistical Area,NO,,NO,NO,YES,,,,NO,NO
20620,0,1400000US12086990000,"Census Tract 9900, Miami-Dade County, Florida",0,0,"Census Tract 9900, Miami-Dade County, Florida",12,12086,1208699,12086990000,Metropolitan Statistical Area,NO,,NO,NO,YES,,,,NO,NO
20648,0,1400000US12087980100,"Census Tract 9801, Monroe County, Florida",0,0,"Census Tract 9801, Monroe County, Florida",12,12087,1208798,12087980100,Micropolitan Statistical Area,NO,,NO,NO,NO,,,,NO,NO
20649,0,1400000US12087990000,"Census Tract 9900, Monroe County, Florida",0,0,"Census Tract 9900, Monroe County, Florida",12,12087,1208799,12087990000,Micropolitan Statistical Area,NO,,NO,NO,NO,,,,NO,NO
20673,0,1400000US12089990000,"Census Tract 9900, Nassau County, Florida",0,0,"Census Tract 9900, Nassau County, Florida",12,12089,1208999,12089990000,Metropolitan Statistical Area,NO,,NO,NO,YES,,,,NO,NO
20722,0,1400000US12091990100,"Census Tract 9901, Okaloosa County, Florida",0,0,"Census Tract 9901, Okaloosa County, Florida",12,12091,1209199,12091990100,Metropolitan Statistical Area,NO,,NO,NO,YES,,,,NO,NO
21484,0,1400000US12099990000,"Census Tract 9900, Palm Beach County, Florida",0,0,"Census Tract 9900, Palm Beach County, Florida",12,12099,1209999,12099990000,Metropolitan Statistical Area,NO,,NO,NO,YES,,,,NO,NO
21631,0,1400000US12101990000,"Census Tract 9900, Pasco County, Florida",0,0,"Census Tract 9900, Pasco County, Florida",12,12101,1210199,12101990000,Metropolitan Statistical Area,NO,,NO,NO,YES,,,,NO,NO
21930,0,1400000US12103990000,"Census Tract 9900, Pinellas County, Florida",0,0,"Census Tract 9900, Pinellas County, Florida",12,12103,1210399,12103990000,Metropolitan Statistical Area,NO,,NO,NO,YES,,,,NO,NO
21931,0,1400000US12103990100,"Census Tract 9901, Pinellas County, Florida",0,0,"Census Tract 9901, Pinellas County, Florida",12,12103,1210399,12103990100,Metropolitan Statistical Area,NO,,NO,NO,YES,,,,NO,NO
22175,0,1400000US12109990200,"Census Tract 9902, St. Johns County, Florida",0,0,"Census Tract 9902, St. Johns County, Florida",12,12109,1210999,12109990200,Metropolitan Statistical Area,NO,,NO,NO,YES,,,,NO,NO
22248,0,1400000US12111990000,"Census Tract 9900, St. Lucie County, Florida",0,0,"Census Tract 9900, St. Lucie County, Florida",12,12111,1211199,12111990000,Metropolitan Statistical Area,NO,,NO,NO,YES,,,,NO,NO
22285,0,1400000US12113990000,"Census Tract 9900, Santa Rosa County, Florida",0,0,"Census Tract 9900, Santa Rosa County, Florida",12,12113,1211399,12113990000,Metropolitan Statistical Area,NO,,NO,NO,YES,,,,NO,NO
22408,0,1400000US12115990000,"Census Tract 9900, Sarasota County, Florida",0,0,"Census Tract 9900, Sarasota County, Florida",12,12115,1211599,12115990000,Metropolitan Statistical Area,NO,,NO,NO,YES,,,,NO,NO
22558,0,1400000US12123990000,"Census Tract 9900, Taylor County, Florida",0,0,"Census Tract 9900, Taylor County, Florida",12,12123,1212399,12123990000,,NO,,NO,NO,NO,,,,NO,NO
22697,0,1400000US12127990000,"Census Tract 9900, Volusia County, Florida",0,0,"Census Tract 9900, Volusia County, Florida",12,12127,1212799,12127990000,Metropolitan Statistical Area,NO,,NO,NO,YES,,,,NO,NO
22709,0,1400000US12129990000,"Census Tract 9900, Wakulla County, Florida",0,0,"Census Tract 9900, Wakulla County, Florida",12,12129,1212999,12129990000,Metropolitan Statistical Area,NO,,NO,NO,YES,,,,NO,NO
22730,0,1400000US12131990000,"Census Tract 9900, Walton County, Florida",0,0,"Census Tract 9900, Walton County, Florida",12,12131,1213199,12131990000,Metropolitan Statistical Area,NO,,NO,NO,YES,,,,NO,NO
22958,0,1400000US13039990000,"Census Tract 9900, Camden County, Georgia",0,0,"Census Tract 9900, Camden County, Georgia",13,13039,1303999,13039990000,Micropolitan Statistical Area,NO,,NO,NO,NO,,,,NO,NO
23101,0,1400000US13051990000,"Census Tract 9900, Chatham County, Georgia",0,0,"Census Tract 9900, Chatham County, Georgia",13,13051,1305199,13051990000,Metropolitan Statistical Area,NO,,NO,NO,YES,,,,NO,NO
24463,0,1400000US13127990000,"Census Tract 9900, Glynn County, Georgia",0,0,"Census Tract 9900, Glynn County, Georgia",13,13127,1312799,13127990000,Metropolitan Statistical Area,NO,,NO,NO,YES,,,,NO,NO
25026,0,1400000US13179990000,"Census Tract 9900, Liberty County, Georgia",0,0,"Census Tract 9900, Liberty County, Georgia",13,13179,1317999,13179990000,Metropolitan Statistical Area,NO,,NO,NO,YES,,,,NO,NO
25093,0,1400000US13191990000,"Census Tract 9900, McIntosh County, Georgia",0,0,"Census Tract 9900, McIntosh County, Georgia",13,13191,1319199,13191990000,Metropolitan Statistical Area,NO,,NO,NO,YES,,,,NO,NO
25751,0,1400000US15001990000,"Census Tract 9900, Hawaii County, Hawaii",0,0,"Census Tract 9900, Hawaii County, Hawaii",15,15001,1500199,15001990000,Micropolitan Statistical Area,NO,,NO,NO,NO,,,,NO,NO
25752,0,1400000US15001990100,"Census Tract 9901, Hawaii County, Hawaii",0,0,"Census Tract 9901, Hawaii County, Hawaii",15,15001,1500199,15001990100,Micropolitan Statistical Area,NO,,NO,NO,NO,,,,NO,NO
25753,0,1400000US15001990300,"Census Tract 9903, Hawaii County, Hawaii",0,0,"Census Tract 9903, Hawaii County, Hawaii",15,15001,1500199,15001990300,Micropolitan Statistical Area,NO,,NO,NO,NO,,,,NO,NO
25754,0,1400000US15001990400,"Census Tract 9904, Hawaii County, Hawaii",0,0,"Census Tract 9904, Hawaii County, Hawaii",15,15001,1500199,15001990400,Micropolitan Statistical Area,NO,,NO,NO,NO,,,,NO,NO
25755,0,1400000US15001990500,"Census Tract 9905, Hawaii County, Hawaii",0,0,"Census Tract 9905, Hawaii County, Hawaii",15,15001,1500199,15001990500,Micropolitan Statistical Area,NO,,NO,NO,NO,,,,NO,NO
25756,0,1400000US15001990600,"Census Tract 9906, Hawaii County, Hawaii",0,0,"Census Tract 9906, Hawaii County, Hawaii",15,15001,1500199,15001990600,Micropolitan Statistical Area,NO,,NO,NO,NO,,,,NO,NO
25757,0,1400000US15001990700,"Census Tract 9907, Hawaii County, Hawaii",0,0,"Census Tract 9907, Hawaii County, Hawaii",15,15001,1500199,15001990700,Micropolitan Statistical Area,NO,,NO,NO,NO,,,,NO,NO
25758,0,1400000US15001990800,"Census Tract 9908, Hawaii County, Hawaii",0,0,"Census Tract 9908, Hawaii County, Hawaii",15,15001,1500199,15001990800,Micropolitan Statistical Area,NO,,NO,NO,NO,,,,NO,NO
25759,0,1400000US15001990900,"Census Tract 9909, Hawaii County, Hawaii",0,0,"Census Tract 9909, Hawaii County, Hawaii",15,15001,1500199,15001990900,Micropolitan Statistical Area,NO,,NO,NO,NO,,,,NO,NO
25760,0,1400000US15001991000,"Census Tract 9910, Hawaii County, Hawaii",0,0,"Census Tract 9910, Hawaii County, Hawaii",15,15001,1500199,15001991000,Micropolitan Statistical Area,NO,,NO,NO,NO,,,,NO,NO
25761,0,1400000US15001991100,"Census Tract 9911, Hawaii County, Hawaii",0,0,"Census Tract 9911, Hawaii County, Hawaii",15,15001,1500199,15001991100,Micropolitan Statistical Area,NO,,NO,NO,NO,,,,NO,NO
25762,0,1400000US15001991200,"Census Tract 9912, Hawaii County, Hawaii",0,0,"Census Tract 9912, Hawaii County, Hawaii",15,15001,1500199,15001991200,Micropolitan Statistical Area,NO,,NO,NO,NO,,,,NO,NO
25763,0,1400000US15001991300,"Census Tract 9913, Hawaii County, Hawaii",0,0,"Census Tract 9913, Hawaii County, Hawaii",15,15001,1500199,15001991300,Micropolitan Statistical Area,NO,,NO,NO,NO,,,,NO,NO
25764,0,1400000US15001991400,"Census Tract 9914, Hawaii County, Hawaii",0,0,"Census Tract 9914, Hawaii County, Hawaii",15,15001,1500199,15001991400,Micropolitan Statistical Area,NO,,NO,NO,NO,,,,NO,NO
25765,0,1400000US15001991500,"Census Tract 9915, Hawaii County, Hawaii",0,0,"Census Tract 9915, Hawaii County, Hawaii",15,15001,1500199,15001991500,Micropolitan Statistical Area,NO,,NO,NO,NO,,,,NO,NO
25766,0,1400000US15001991600,"Census Tract 9916, Hawaii County, Hawaii",0,0,"Census Tract 9916, Hawaii County, Hawaii",15,15001,1500199,15001991600,Micropolitan Statistical Area,NO,,NO,NO,NO,,,,NO,NO
25767,0,1400000US15001991700,"Census Tract 9917, Hawaii County, Hawaii",0,0,"Census Tract 9917, Hawaii County, Hawaii",15,15001,1500199,15001991700,Micropolitan Statistical Area,NO,,NO,NO,NO,,,,NO,NO
26099,0,1400000US15003981200,"Census Tract 9812, Honolulu County, Hawaii",0,0,"Census Tract 9812, Honolulu County, Hawaii",15,15003,1500398,15003981200,Metropolitan Statistical Area,NO,,NO,NO,YES,,,,NO,NO
26112,0,1400000US15003990001,"Census Tract 9900.01, Honolulu County, Hawaii",0,0,"Census Tract 9900.01, Honolulu County, Hawaii",15,15003,1500399,15003990001,Metropolitan Statistical Area,NO,,NO,NO,YES,,,,NO,NO
26114,0,1400000US15005990000,"Census Tract 9900, Kalawao County, Hawaii",0,0,"Census Tract 9900, Kalawao County, Hawaii",15,15005,1500599,15005990000,,NO,,NO,NO,NO,,,,NO,NO
26131,0,1400000US15007041200,"Census Tract 412, Kauai County, Hawaii",0,0,"Census Tract 412, Kauai County, Hawaii",15,15007,1500704,15007041200,Micropolitan Statistical Area,NO,,NO,NO,NO,,,,NO,NO
26133,0,1400000US15007990100,"Census Tract 9901, Kauai County, Hawaii",0,0,"Census Tract 9901, Kauai County, Hawaii",15,15007,1500799,15007990100,Micropolitan Statistical Area,NO,,NO,NO,NO,,,,NO,NO
26134,0,1400000US15007990200,"Census Tract 9902, Kauai County, Hawaii",0,0,"Census Tract 9902, Kauai County, Hawaii",15,15007,1500799,15007990200,Micropolitan Statistical Area,NO,,NO,NO,NO,,,,NO,NO
26135,0,1400000US15007990300,"Census Tract 9903, Kauai County, Hawaii",0,0,"Census Tract 9903, Kauai County, Hawaii",15,15007,1500799,15007990300,Micropolitan Statistical Area,NO,,NO,NO,NO,,,,NO,NO
26175,1557,1400000US15009031601,"Census Tract 316.01, Maui County, Hawaii",35,2888,"Census Tract 316.01, Maui County, Hawaii",15,15009,1500903,15009031601,Metropolitan Statistical Area,YES,2.25,NO,NO,YES,,,,NO,NO
26180,0,1400000US15009980000,"Census Tract 9800, Maui County, Hawaii",0,0,"Census Tract 9800, Maui County, Hawaii",15,15009,1500998,15009980000,Metropolitan Statistical Area,NO,,NO,NO,YES,,,,NO,NO
26181,0,1400000US15009990000,"Census Tract 9900, Maui County, Hawaii",0,0,"Census Tract 9900, Maui County, Hawaii",15,15009,1500999,15009990000,Metropolitan Statistical Area,NO,,NO,NO,YES,,,,NO,NO
26182,0,1400000US15009990200,"Census Tract 9902, Maui County, Hawaii",0,0,"Census Tract 9902, Maui County, Hawaii",15,15009,1500999,15009990200,Metropolitan Statistical Area,NO,,NO,NO,YES,,,,NO,NO
26183,0,1400000US15009991200,"Census Tract 9912, Maui County, Hawaii",0,0,"Census Tract 9912, Maui County, Hawaii",15,15009,1500999,15009991200,Metropolitan Statistical Area,NO,,NO,NO,YES,,,,NO,NO
28209,0,1400000US17031990000,"Census Tract 9900, Cook County, Illinois",0,0,"Census Tract 9900, Cook County, Illinois",17,17031,1703199,17031990000,Metropolitan Statistical Area,NO,,NO,NO,YES,,,,NO,NO
29007,0,1400000US17097990000,"Census Tract 9900, Lake County, Illinois",0,0,"Census Tract 9900, Lake County, Illinois",17,17097,1709799,17097990000,Metropolitan Statistical Area,NO,,NO,NO,YES,,,,NO,NO
30924,0,1400000US18089990000,"Census Tract 9900, Lake County, Indiana",0,0,"Census Tract 9900, Lake County, Indiana",18,18089,1808999,18089990000,Metropolitan Statistical Area,NO,,NO,NO,YES,,,,NO,NO
30955,0,1400000US18091990000,"Census Tract 9900, LaPorte County, Indiana",0,0,"Census Tract 9900, LaPorte County, Indiana",18,18091,1809199,18091990000,Metropolitan Statistical Area,NO,,NO,NO,YES,,,,NO,NO
31444,0,1400000US18127990000,"Census Tract 9900, Porter County, Indiana",0,0,"Census Tract 9900, Porter County, Indiana",18,18127,1812799,18127990000,Metropolitan Statistical Area,NO,,NO,NO,YES,,,,NO,NO
35250,0,1400000US22023990000,"Census Tract 9900, Cameron Parish, Louisiana",0,0,"Census Tract 9900, Cameron Parish, Louisiana",22,22023,2202399,22023990000,Metropolitan Statistical Area,NO,,NO,NO,YES,,,,NO,NO
35438,0,1400000US22045990000,"Census Tract 9900, Iberia Parish, Louisiana",0,0,"Census Tract 9900, Iberia Parish, Louisiana",22,22045,2204599,22045990000,Metropolitan Statistical Area,NO,,NO,NO,YES,,,,NO,NO
35591,0,1400000US22051990100,"Census Tract 9901, Jefferson Parish, Louisiana",0,0,"Census Tract 9901, Jefferson Parish, Louisiana",22,22051,2205199,22051990100,Metropolitan Statistical Area,NO,,NO,NO,YES,,,,NO,NO
35686,0,1400000US22057990000,"Census Tract 9900, Lafourche Parish, Louisiana",0,0,"Census Tract 9900, Lafourche Parish, Louisiana",22,22057,2205799,22057990000,Metropolitan Statistical Area,NO,,NO,NO,YES,,,,NO,NO
36007,0,1400000US22075990000,"Census Tract 9900, Plaquemines Parish, Louisiana",0,0,"Census Tract 9900, Plaquemines Parish, Louisiana",22,22075,2207599,22075990000,Metropolitan Statistical Area,NO,,NO,NO,YES,,,,NO,NO
36092,0,1400000US22087990000,"Census Tract 9900, St. Bernard Parish, Louisiana",0,0,"Census Tract 9900, St. Bernard Parish, Louisiana",22,22087,2208799,22087990000,Metropolitan Statistical Area,NO,,NO,NO,YES,,,,NO,NO
36191,0,1400000US22101990000,"Census Tract 9900, St. Mary Parish, Louisiana",0,0,"Census Tract 9900, St. Mary Parish, Louisiana",22,22101,2210199,22101990000,Micropolitan Statistical Area,NO,,NO,NO,NO,,,,NO,NO
36327,0,1400000US22109990000,"Census Tract 9900, Terrebonne Parish, Louisiana",0,0,"Census Tract 9900, Terrebonne Parish, Louisiana",22,22109,2210999,22109990000,Metropolitan Statistical Area,NO,,NO,NO,YES,,,,NO,NO
36350,0,1400000US22113990000,"Census Tract 9900, Vermilion Parish, Louisiana",0,0,"Census Tract 9900, Vermilion Parish, Louisiana",22,22113,2211399,22113990000,Metropolitan Statistical Area,NO,,NO,NO,YES,,,,NO,NO
36558,0,1400000US23005990000,"Census Tract 9900, Cumberland County, Maine",0,0,"Census Tract 9900, Cumberland County, Maine",23,23005,2300599,23005990000,Metropolitan Statistical Area,NO,,NO,NO,YES,,,,NO,NO
36584,1440,1400000US23009966600,"Census Tract 9666, Hancock County, Maine",67,3094,"Census Tract 9666, Hancock County, Maine",23,23009,2300996,23009966600,,YES,4.65,YES,YES,NO,,,,YES,YES
36586,0,1400000US23009990000,"Census Tract 9900, Hancock County, Maine",0,0,"Census Tract 9900, Hancock County, Maine",23,23009,2300999,23009990000,,NO,,NO,NO,NO,,,,NO,NO
36636,0,1400000US23013990000,"Census Tract 9900, Knox County, Maine",0,0,"Census Tract 9900, Knox County, Maine",23,23013,2301399,23013990000,,NO,,NO,NO,NO,,,,NO,NO
36646,0,1400000US23015990000,"Census Tract 9900, Lincoln County, Maine",0,0,"Census Tract 9900, Lincoln County, Maine",23,23015,2301599,23015990000,,NO,,NO,NO,NO,,,,NO,NO
36731,0,1400000US23023990000,"Census Tract 9900, Sagadahoc County, Maine",0,0,"Census Tract 9900, Sagadahoc County, Maine",23,23023,2302399,23023990000,Metropolitan Statistical Area,NO,,NO,NO,YES,,,,NO,NO
36773,0,1400000US23029990000,"Census Tract 9900, Washington County, Maine",0,0,"Census Tract 9900, Washington County, Maine",23,23029,2302999,23029990000,,NO,,NO,NO,NO,,,,NO,NO
36832,0,1400000US23031990100,"Census Tract 9901, York County, Maine",0,0,"Census Tract 9901, York County, Maine",23,23031,2303199,23031990100,Metropolitan Statistical Area,NO,,NO,NO,YES,,,,NO,NO
36989,0,1400000US24003990000,"Census Tract 9900, Anne Arundel County, Maryland",0,0,"Census Tract 9900, Anne Arundel County, Maryland",24,24003,2400399,24003990000,Metropolitan Statistical Area,NO,,NO,NO,YES,,,,NO,NO
37239,0,1400000US24009990100,"Census Tract 9901, Calvert County, Maryland",0,0,"Census Tract 9901, Calvert County, Maryland",24,24009,2400999,24009990100,Metropolitan Statistical Area,NO,,NO,NO,YES,,,,NO,NO
37352,0,1400000US24019990000,"Census Tract 9900, Dorchester County, Maryland",0,0,"Census Tract 9900, Dorchester County, Maryland",24,24019,2401999,24019990000,Micropolitan Statistical Area,NO,,NO,NO,NO,,,,NO,NO
37560,0,1400000US24029990000,"Census Tract 9900, Kent County, Maryland",0,0,"Census Tract 9900, Kent County, Maryland",24,24029,2402999,24029990000,,NO,,NO,NO,NO,,,,NO,NO
38043,0,1400000US24035990000,"Census Tract 9900, Queen Anne's County, Maryland",0,0,"Census Tract 9900, Queen Anne's County, Maryland",24,24035,2403599,24035990000,Metropolitan Statistical Area,NO,,NO,NO,YES,,,,NO,NO
38044,0,1400000US24035990100,"Census Tract 9901, Queen Anne's County, Maryland",0,0,"Census Tract 9901, Queen Anne's County, Maryland",24,24035,2403599,24035990100,Metropolitan Statistical Area,NO,,NO,NO,YES,,,,NO,NO
38068,0,1400000US24037990000,"Census Tract 9900, St. Mary's County, Maryland",0,0,"Census Tract 9900, St. Mary's County, Maryland",24,24037,2403799,24037990000,Metropolitan Statistical Area,NO,,NO,NO,YES,,,,NO,NO
38075,0,1400000US24039990100,"Census Tract 9901, Somerset County, Maryland",0,0,"Census Tract 9901, Somerset County, Maryland",24,24039,2403999,24039990100,Metropolitan Statistical Area,NO,,NO,NO,YES,,,,NO,NO
38086,0,1400000US24041990000,"Census Tract 9900, Talbot County, Maryland",0,0,"Census Tract 9900, Talbot County, Maryland",24,24041,2404199,24041990000,Micropolitan Statistical Area,NO,,NO,NO,NO,,,,NO,NO
38161,0,1400000US24047990000,"Census Tract 9900, Worcester County, Maryland",0,0,"Census Tract 9900, Worcester County, Maryland",24,24047,2404799,24047990000,Metropolitan Statistical Area,NO,,NO,NO,YES,,,,NO,NO
38422,0,1400000US25001990000,"Census Tract 9900, Barnstable County, Massachusetts",0,0,"Census Tract 9900, Barnstable County, Massachusetts",25,25001,2500199,25001990000,Metropolitan Statistical Area,NO,,NO,NO,YES,,,,NO,NO
38603,0,1400000US25007990000,"Census Tract 9900, Dukes County, Massachusetts",0,0,"Census Tract 9900, Dukes County, Massachusetts",25,25007,2500799,25007990000,Micropolitan Statistical Area,NO,,NO,NO,NO,,,,NO,NO
39332,0,1400000US25019990000,"Census Tract 9900, Nantucket County, Massachusetts",0,0,"Census Tract 9900, Nantucket County, Massachusetts",25,25019,2501999,25019990000,,NO,,NO,NO,NO,,,,NO,NO
39620,0,1400000US25023990003,"Census Tract 9900.03, Plymouth County, Massachusetts",0,0,"Census Tract 9900.03, Plymouth County, Massachusetts",25,25023,2502399,25023990003,Metropolitan Statistical Area,NO,,NO,NO,YES,,,,NO,NO
40078,0,1400000US26001990000,"Census Tract 9900, Alcona County, Michigan",0,0,"Census Tract 9900, Alcona County, Michigan",26,26001,2600199,26001990000,,NO,,NO,NO,NO,,,,NO,NO
40082,0,1400000US26003990000,"Census Tract 9900, Alger County, Michigan",0,0,"Census Tract 9900, Alger County, Michigan",26,26003,2600399,26003990000,,NO,,NO,NO,NO,,,,NO,NO
40115,0,1400000US26005990000,"Census Tract 9900, Allegan County, Michigan",0,0,"Census Tract 9900, Allegan County, Michigan",26,26005,2600599,26005990000,Micropolitan Statistical Area,NO,,NO,NO,NO,,,,NO,NO
40126,0,1400000US26007990000,"Census Tract 9900, Alpena County, Michigan",0,0,"Census Tract 9900, Alpena County, Michigan",26,26007,2600799,26007990000,Micropolitan Statistical Area,NO,,NO,NO,NO,,,,NO,NO
40139,0,1400000US26009990000,"Census Tract 9900, Antrim County, Michigan",0,0,"Census Tract 9900, Antrim County, Michigan",26,26009,2600999,26009990000,,NO,,NO,NO,NO,,,,NO,NO
40145,0,1400000US26011990000,"Census Tract 9900, Arenac County, Michigan",0,0,"Census Tract 9900, Arenac County, Michigan",26,26011,2601199,26011990000,,NO,,NO,NO,NO,,,,NO,NO
40149,0,1400000US26013990100,"Census Tract 9901, Baraga County, Michigan",0,0,"Census Tract 9901, Baraga County, Michigan",26,26013,2601399,26013990100,,NO,,NO,NO,NO,,,,NO,NO
40204,0,1400000US26019990000,"Census Tract 9900, Benzie County, Michigan",0,0,"Census Tract 9900, Benzie County, Michigan",26,26019,2601999,26019990000,Micropolitan Statistical Area,NO,,NO,NO,NO,,,,NO,NO
40266,0,1400000US26021990000,"Census Tract 9900, Berrien County, Michigan",0,0,"Census Tract 9900, Berrien County, Michigan",26,26021,2602199,26021990000,Metropolitan Statistical Area,NO,,NO,NO,YES,,,,NO,NO
40346,205,1400000US26029000500,"Census Tract 5, Charlevoix County, Michigan",11,578,"Census Tract 5, Charlevoix County, Michigan",26,26029,2602900,26029000500,,NO,5.37,YES,YES,NO,,,,YES,NO
40355,0,1400000US26029990000,"Census Tract 9900, Charlevoix County, Michigan",0,0,"Census Tract 9900, Charlevoix County, Michigan",26,26029,2602999,26029990000,,NO,,NO,NO,NO,,,,NO,NO
40365,0,1400000US26031990000,"Census Tract 9900, Cheboygan County, Michigan",0,0,"Census Tract 9900, Cheboygan County, Michigan",26,26031,2603199,26031990000,,NO,,NO,NO,NO,,,,NO,NO
40381,0,1400000US26033990000,"Census Tract 9900, Chippewa County, Michigan",0,0,"Census Tract 9900, Chippewa County, Michigan",26,26033,2603399,26033990000,Micropolitan Statistical Area,NO,,NO,NO,NO,,,,NO,NO
40382,0,1400000US26033990100,"Census Tract 9901, Chippewa County, Michigan",0,0,"Census Tract 9901, Chippewa County, Michigan",26,26033,2603399,26033990100,Micropolitan Statistical Area,NO,,NO,NO,NO,,,,NO,NO
40436,0,1400000US26041990000,"Census Tract 9900, Delta County, Michigan",0,0,"Census Tract 9900, Delta County, Michigan",26,26041,2604199,26041990000,Micropolitan Statistical Area,NO,,NO,NO,NO,,,,NO,NO
40437,0,1400000US26041990100,"Census Tract 9901, Delta County, Michigan",0,0,"Census Tract 9901, Delta County, Michigan",26,26041,2604199,26041990100,Micropolitan Statistical Area,NO,,NO,NO,NO,,,,NO,NO
40486,0,1400000US26047990000,"Census Tract 9900, Emmet County, Michigan",0,0,"Census Tract 9900, Emmet County, Michigan",26,26047,2604799,26047990000,,NO,,NO,NO,NO,,,,NO,NO
40641,0,1400000US26053990000,"Census Tract 9900, Gogebic County, Michigan",0,0,"Census Tract 9900, Gogebic County, Michigan",26,26053,2605399,26053990000,,NO,,NO,NO,NO,,,,NO,NO
40667,0,1400000US26055990000,"Census Tract 9900, Grand Traverse County, Michigan",0,0,"Census Tract 9900, Grand Traverse County, Michigan",26,26055,2605599,26055990000,Micropolitan Statistical Area,NO,,NO,NO,NO,,,,NO,NO
40703,0,1400000US26061990000,"Census Tract 9900, Houghton County, Michigan",0,0,"Census Tract 9900, Houghton County, Michigan",26,26061,2606199,26061990000,Micropolitan Statistical Area,NO,,NO,NO,NO,,,,NO,NO
40704,0,1400000US26061990100,"Census Tract 9901, Houghton County, Michigan",0,0,"Census Tract 9901, Houghton County, Michigan",26,26061,2606199,26061990100,Micropolitan Statistical Area,NO,,NO,NO,NO,,,,NO,NO
40717,0,1400000US26063990000,"Census Tract 9900, Huron County, Michigan",0,0,"Census Tract 9900, Huron County, Michigan",26,26063,2606399,26063990000,,NO,,NO,NO,NO,,,,NO,NO
40829,0,1400000US26069990000,"Census Tract 9900, Iosco County, Michigan",0,0,"Census Tract 9900, Iosco County, Michigan",26,26069,2606999,26069990000,,NO,,NO,NO,NO,,,,NO,NO
41144,2,1400000US26083980100,"Census Tract 9801, Keweenaw County, Michigan",1,3,"Census Tract 9801, Keweenaw County, Michigan",26,26083,2608398,26083980100,Micropolitan Statistical Area,NO,50.0,YES,YES,NO,,,,YES,NO
41145,0,1400000US26083990100,"Census Tract 9901, Keweenaw County, Michigan",0,0,"Census Tract 9901, Keweenaw County, Michigan",26,26083,2608399,26083990100,Micropolitan Statistical Area,NO,,NO,NO,NO,,,,NO,NO
41183,0,1400000US26089990000,"Census Tract 9900, Leelanau County, Michigan",0,0,"Census Tract 9900, Leelanau County, Michigan",26,26089,2608999,26089990000,Micropolitan Statistical Area,NO,,NO,NO,NO,,,,NO,NO
41282,0,1400000US26095990000,"Census Tract 9900, Luce County, Michigan",0,0,"Census Tract 9900, Luce County, Michigan",26,26095,2609599,26095990000,,NO,,NO,NO,NO,,,,NO,NO
41288,0,1400000US26097990000,"Census Tract 9900, Mackinac County, Michigan",0,0,"Census Tract 9900, Mackinac County, Michigan",26,26097,2609799,26097990000,,NO,,NO,NO,NO,,,,NO,NO
41538,0,1400000US26099990100,"Census Tract 9901, Macomb County, Michigan",0,0,"Census Tract 9901, Macomb County, Michigan",26,26099,2609999,26099990100,Metropolitan Statistical Area,NO,,NO,NO,YES,,,,NO,NO
41551,0,1400000US26101990000,"Census Tract 9900, Manistee County, Michigan",0,0,"Census Tract 9900, Manistee County, Michigan",26,26101,2610199,26101990000,,NO,,NO,NO,NO,,,,NO,NO
41589,0,1400000US26103990000,"Census Tract 9900, Marquette County, Michigan",0,0,"Census Tract 9900, Marquette County, Michigan",26,26103,2610399,26103990000,Micropolitan Statistical Area,NO,,NO,NO,NO,,,,NO,NO
41598,0,1400000US26105990000,"Census Tract 9900, Mason County, Michigan",0,0,"Census Tract 9900, Mason County, Michigan",26,26105,2610599,26105990000,Micropolitan Statistical Area,NO,,NO,NO,NO,,,,NO,NO
41619,0,1400000US26109990000,"Census Tract 9900, Menominee County, Michigan",0,0,"Census Tract 9900, Menominee County, Michigan",26,26109,2610999,26109990000,Micropolitan Statistical Area,NO,,NO,NO,NO,,,,NO,NO
41690,0,1400000US26115990000,"Census Tract 9900, Monroe County, Michigan",0,0,"Census Tract 9900, Monroe County, Michigan",26,26115,2611599,26115990000,Metropolitan Statistical Area,NO,,NO,NO,YES,,,,NO,NO
41756,0,1400000US26121990000,"Census Tract 9900, Muskegon County, Michigan",0,0,"Census Tract 9900, Muskegon County, Michigan",26,26121,2612199,26121990000,Metropolitan Statistical Area,NO,,NO,NO,YES,,,,NO,NO
42135,0,1400000US26127990000,"Census Tract 9900, Oceana County, Michigan",0,0,"Census Tract 9900, Oceana County, Michigan",26,26127,2612799,26127990000,,NO,,NO,NO,NO,,,,NO,NO
42147,0,1400000US26131990100,"Census Tract 9901, Ontonagon County, Michigan",0,0,"Census Tract 9901, Ontonagon County, Michigan",26,26131,2613199,26131990100,,NO,,NO,NO,NO,,,,NO,NO
42239,0,1400000US26139990000,"Census Tract 9900, Ottawa County, Michigan",0,0,"Census Tract 9900, Ottawa County, Michigan",26,26139,2613999,26139990000,Metropolitan Statistical Area,NO,,NO,NO,YES,,,,NO,NO
42246,0,1400000US26141990000,"Census Tract 9900, Presque Isle County, Michigan",0,0,"Census Tract 9900, Presque Isle County, Michigan",26,26141,2614199,26141990000,,NO,,NO,NO,NO,,,,NO,NO
42385,0,1400000US26147990000,"Census Tract 9900, St. Clair County, Michigan",0,0,"Census Tract 9900, St. Clair County, Michigan",26,26147,2614799,26147990000,Metropolitan Statistical Area,NO,,NO,NO,YES,,,,NO,NO
42420,0,1400000US26151990000,"Census Tract 9900, Sanilac County, Michigan",0,0,"Census Tract 9900, Sanilac County, Michigan",26,26151,2615199,26151990000,,NO,,NO,NO,NO,,,,NO,NO
42424,0,1400000US26153990000,"Census Tract 9900, Schoolcraft County, Michigan",0,0,"Census Tract 9900, Schoolcraft County, Michigan",26,26153,2615399,26153990000,,NO,,NO,NO,NO,,,,NO,NO
42458,0,1400000US26157990000,"Census Tract 9900, Tuscola County, Michigan",0,0,"Census Tract 9900, Tuscola County, Michigan",26,26157,2615799,26157990000,,NO,,NO,NO,NO,,,,NO,NO
42482,0,1400000US26159990000,"Census Tract 9900, Van Buren County, Michigan",0,0,"Census Tract 9900, Van Buren County, Michigan",26,26159,2615999,26159990000,,NO,,NO,NO,NO,,,,NO,NO
43518,0,1400000US27031990000,"Census Tract 9900, Cook County, Minnesota",0,0,"Census Tract 9900, Cook County, Minnesota",27,27031,2703199,27031990000,,NO,,NO,NO,NO,,,,NO,NO
44128,0,1400000US27075990100,"Census Tract 9901, Lake County, Minnesota",0,0,"Census Tract 9901, Lake County, Minnesota",27,27075,2707599,27075990100,Metropolitan Statistical Area,NO,,NO,NO,YES,,,,NO,NO
44572,0,1400000US27137990100,"Census Tract 9901, St. Louis County, Minnesota",0,0,"Census Tract 9901, St. Louis County, Minnesota",27,27137,2713799,27137990100,Metropolitan Statistical Area,NO,,NO,NO,YES,,,,NO,NO
45021,0,1400000US28045990000,"Census Tract 9900, Hancock County, Mississippi",0,0,"Census Tract 9900, Hancock County, Mississippi",28,28045,2804599,28045990000,Metropolitan Statistical Area,NO,,NO,NO,YES,,,,NO,NO
45229,0,1400000US28059990000,"Census Tract 9900, Jackson County, Mississippi",0,0,"Census Tract 9900, Jackson County, Mississippi",28,28059,2805999,28059990000,Metropolitan Statistical Area,NO,,NO,NO,YES,,,,NO,NO
49558,0,1400000US33015990000,"Census Tract 9900, Rockingham County, New Hampshire",0,0,"Census Tract 9900, Rockingham County, New Hampshire",33,33015,3301599,33015990000,Metropolitan Statistical Area,NO,,NO,NO,YES,,,,NO,NO
49676,0,1400000US34001990000,"Census Tract 9900, Atlantic County, New Jersey",0,0,"Census Tract 9900, Atlantic County, New Jersey",34,34001,3400199,34001990000,Metropolitan Statistical Area,NO,,NO,NO,YES,,,,NO,NO
50170,0,1400000US34009990100,"Census Tract 9901, Cape May County, New Jersey",0,0,"Census Tract 9901, Cape May County, New Jersey",34,34009,3400999,34009990100,Metropolitan Statistical Area,NO,,NO,NO,YES,,,,NO,NO
50212,0,1400000US34011990000,"Census Tract 9900, Cumberland County, New Jersey",0,0,"Census Tract 9900, Cumberland County, New Jersey",34,34011,3401199,34011990000,Metropolitan Statistical Area,NO,,NO,NO,YES,,,,NO,NO
51196,0,1400000US34025990000,"Census Tract 9900, Monmouth County, New Jersey",0,0,"Census Tract 9900, Monmouth County, New Jersey",34,34025,3402599,34025990000,Metropolitan Statistical Area,NO,,NO,NO,YES,,,,NO,NO
51477,0,1400000US34029990000,"Census Tract 9900, Ocean County, New Jersey",0,0,"Census Tract 9900, Ocean County, New Jersey",34,34029,3402999,34029990000,Metropolitan Statistical Area,NO,,NO,NO,YES,,,,NO,NO
51643,0,1400000US34033990000,"Census Tract 9900, Salem County, New Jersey",0,0,"Census Tract 9900, Salem County, New Jersey",34,34033,3403399,34033990000,Metropolitan Statistical Area,NO,,NO,NO,YES,,,,NO,NO
53015,0,1400000US36005051602,"Census Tract 516.02, Bronx County, New York",0,0,"Census Tract 516.02, Bronx County, New York",36,36005,3600505,36005051602,Metropolitan Statistical Area,NO,,NO,NO,YES,,,,NO,NO
53122,0,1400000US36011990200,"Census Tract 9902, Cayuga County, New York",0,0,"Census Tract 9902, Cayuga County, New York",36,36011,3601199,36011990200,Micropolitan Statistical Area,NO,,NO,NO,NO,,,,NO,NO
53159,0,1400000US36013990000,"Census Tract 9900, Chautauqua County, New York",0,0,"Census Tract 9900, Chautauqua County, New York",36,36013,3601399,36013990000,Micropolitan Statistical Area,NO,,NO,NO,NO,,,,NO,NO
53655,0,1400000US36029990000,"Census Tract 9900, Erie County, New York",0,0,"Census Tract 9900, Erie County, New York",36,36029,3602999,36029990000,Metropolitan Statistical Area,NO,,NO,NO,YES,,,,NO,NO
54916,0,1400000US36055990000,"Census Tract 9900, Monroe County, New York",0,0,"Census Tract 9900, Monroe County, New York",36,36055,3605599,36055990000,Metropolitan Statistical Area,NO,,NO,NO,YES,,,,NO,NO
55229,0,1400000US36059990100,"Census Tract 9901, Nassau County, New York",0,0,"Census Tract 9901, Nassau County, New York",36,36059,3605999,36059990100,Metropolitan Statistical Area,NO,,NO,NO,YES,,,,NO,NO
55230,0,1400000US36059990200,"Census Tract 9902, Nassau County, New York",0,0,"Census Tract 9902, Nassau County, New York",36,36059,3605999,36059990200,Metropolitan Statistical Area,NO,,NO,NO,YES,,,,NO,NO
55231,0,1400000US36059990301,"Census Tract 9903.01, Nassau County, New York",0,0,"Census Tract 9903.01, Nassau County, New York",36,36059,3605999,36059990301,Metropolitan Statistical Area,NO,,NO,NO,YES,,,,NO,NO
55232,0,1400000US36059990302,"Census Tract 9903.02, Nassau County, New York",0,0,"Census Tract 9903.02, Nassau County, New York",36,36059,3605999,36059990302,Metropolitan Statistical Area,NO,,NO,NO,YES,,,,NO,NO
55233,0,1400000US36059990400,"Census Tract 9904, Nassau County, New York",0,0,"Census Tract 9904, Nassau County, New York",36,36059,3605999,36059990400,Metropolitan Statistical Area,NO,,NO,NO,YES,,,,NO,NO
55633,0,1400000US36063990000,"Census Tract 9900, Niagara County, New York",0,0,"Census Tract 9900, Niagara County, New York",36,36063,3606399,36063990000,Metropolitan Statistical Area,NO,,NO,NO,YES,,,,NO,NO
56008,0,1400000US36073990000,"Census Tract 9900, Orleans County, New York",0,0,"Census Tract 9900, Orleans County, New York",36,36073,3607399,36073990000,Metropolitan Statistical Area,NO,,NO,NO,YES,,,,NO,NO
56053,0,1400000US36075990000,"Census Tract 9900, Oswego County, New York",0,0,"Census Tract 9900, Oswego County, New York",36,36075,3607599,36075990000,Metropolitan Statistical Area,NO,,NO,NO,YES,,,,NO,NO
57067,0,1400000US36085990100,"Census Tract 9901, Richmond County, New York",0,0,"Census Tract 9901, Richmond County, New York",36,36085,3608599,36085990100,Metropolitan Statistical Area,NO,,NO,NO,YES,,,,NO,NO
58088,0,1400000US36119005600,"Census Tract 56, Westchester County, New York",0,0,"Census Tract 56, Westchester County, New York",36,36119,3611900,36119005600,Metropolitan Statistical Area,NO,,NO,NO,YES,,,,NO,NO
58620,554,1400000US37031970200,"Census Tract 9702, Carteret County, North Carolina",44,1314,"Census Tract 9702, Carteret County, North Carolina",37,37031,3703197,37031970200,Micropolitan Statistical Area,NO,7.94,YES,YES,NO,,,,YES,NO
58647,0,1400000US37031980100,"Census Tract 9801, Carteret County, North Carolina",0,0,"Census Tract 9801, Carteret County, North Carolina",37,37031,3703198,37031980100,Micropolitan Statistical Area,NO,,NO,NO,NO,,,,NO,NO
58648,0,1400000US37031990100,"Census Tract 9901, Carteret County, North Carolina",0,0,"Census Tract 9901, Carteret County, North Carolina",37,37031,3703199,37031990100,Micropolitan Statistical Area,NO,,NO,NO,NO,,,,NO,NO
58649,0,1400000US37031990200,"Census Tract 9902, Carteret County, North Carolina",0,0,"Census Tract 9902, Carteret County, North Carolina",37,37031,3703199,37031990200,Micropolitan Statistical Area,NO,,NO,NO,NO,,,,NO,NO
59576,0,1400000US37095990200,"Census Tract 9902, Hyde County, North Carolina",0,0,"Census Tract 9902, Hyde County, North Carolina",37,37095,3709599,37095990200,,NO,,NO,NO,NO,,,,NO,NO
60328,0,1400000US37137990100,"Census Tract 9901, Pamlico County, North Carolina",0,0,"Census Tract 9901, Pamlico County, North Carolina",37,37137,3713799,37137990100,Metropolitan Statistical Area,NO,,NO,NO,YES,,,,NO,NO
61442,0,1400000US39007990000,"Census Tract 9900, Ashtabula County, Ohio",0,0,"Census Tract 9900, Ashtabula County, Ohio",39,39007,3900799,39007990000,Micropolitan Statistical Area,NO,,NO,NO,NO,,,,NO,NO
62204,0,1400000US39035990000,"Census Tract 9900, Cuyahoga County, Ohio",0,0,"Census Tract 9900, Cuyahoga County, Ohio",39,39035,3903599,39035990000,Metropolitan Statistical Area,NO,,NO,NO,YES,,,,NO,NO
63188,0,1400000US39085990000,"Census Tract 9900, Lake County, Ohio",0,0,"Census Tract 9900, Lake County, Ohio",39,39085,3908599,39085990000,Metropolitan Statistical Area,NO,,NO,NO,YES,,,,NO,NO
63348,0,1400000US39093990200,"Census Tract 9902, Lorain County, Ohio",0,0,"Census Tract 9902, Lorain County, Ohio",39,39093,3909399,39093990200,Metropolitan Statistical Area,NO,,NO,NO,YES,,,,NO,NO
63522,0,1400000US39095990000,"Census Tract 9900, Lucas County, Ohio",0,0,"Census Tract 9900, Lucas County, Ohio",39,39095,3909599,39095990000,Metropolitan Statistical Area,NO,,NO,NO,YES,,,,NO,NO
63916,307,1400000US39123050100,"Census Tract 501, Ottawa County, Ohio",37,519,"Census Tract 501, Ottawa County, Ohio",39,39123,3912305,39123050100,Metropolitan Statistical Area,NO,12.05,YES,YES,YES,,,,YES,NO
66032,0,1400000US41007990000,"Census Tract 9900, Clatsop County, Oregon",0,0,"Census Tract 9900, Clatsop County, Oregon",41,41007,4100799,41007990000,Micropolitan Statistical Area,NO,,NO,NO,NO,,,,NO,NO
66067,0,1400000US41011990101,"Census Tract 9901.01, Coos County, Oregon",0,0,"Census Tract 9901.01, Coos County, Oregon",41,41011,4101199,41011990101,Micropolitan Statistical Area,NO,,NO,NO,NO,,,,NO,NO
66082,0,1400000US41015990101,"Census Tract 9901.01, Curry County, Oregon",0,0,"Census Tract 9901.01, Curry County, Oregon",41,41015,4101599,41015990101,Micropolitan Statistical Area,NO,,NO,NO,NO,,,,NO,NO
66163,0,1400000US41019990000,"Census Tract 9900, Douglas County, Oregon",0,0,"Census Tract 9900, Douglas County, Oregon",41,41019,4101999,41019990000,Micropolitan Statistical Area,NO,,NO,NO,NO,,,,NO,NO
66399,0,1400000US41039990000,"Census Tract 9900, Lane County, Oregon",0,0,"Census Tract 9900, Lane County, Oregon",41,41039,4103999,41039990000,Metropolitan Statistical Area,NO,,NO,NO,YES,,,,NO,NO
66422,0,1400000US41041990100,"Census Tract 9901, Lincoln County, Oregon",0,0,"Census Tract 9901, Lincoln County, Oregon",41,41041,4104199,41041990100,Micropolitan Statistical Area,NO,,NO,NO,NO,,,,NO,NO
66762,0,1400000US41057990100,"Census Tract 9901, Tillamook County, Oregon",0,0,"Census Tract 9901, Tillamook County, Oregon",41,41057,4105799,41057990100,,NO,,NO,NO,NO,,,,NO,NO
68576,0,1400000US42049990000,"Census Tract 9900, Erie County, Pennsylvania",0,0,"Census Tract 9900, Erie County, Pennsylvania",42,42049,4204999,42049990000,Metropolitan Statistical Area,NO,,NO,NO,YES,,,,NO,NO
70677,2565,1400000US44005041300,"Census Tract 413, Newport County, Rhode Island",139,5494,"Census Tract 413, Newport County, Rhode Island",44,44005,4400504,44005041300,Metropolitan Statistical Area,YES,5.42,YES,YES,YES,,,,YES,NO
70833,545,1400000US44009041500,"Census Tract 415, Washington County, Rhode Island",36,871,"Census Tract 415, Washington County, Rhode Island",44,44009,4400904,44009041500,Metropolitan Statistical Area,NO,6.61,YES,YES,YES,,,,YES,NO
70868,0,1400000US44009990200,"Census Tract 9902, Washington County, Rhode Island",0,0,"Census Tract 9902, Washington County, Rhode Island",44,44009,4400999,44009990200,Metropolitan Statistical Area,NO,,NO,NO,YES,,,,NO,NO
71624,0,1400000US45053990100,"Census Tract 9901, Jasper County, South Carolina",0,0,"Census Tract 9901, Jasper County, South Carolina",45,45053,4505399,45053990100,Metropolitan Statistical Area,NO,,NO,NO,YES,,,,NO,NO
74306,0,1400000US48007990000,"Census Tract 9900, Aransas County, Texas",0,0,"Census Tract 9900, Aransas County, Texas",48,48007,4800799,48007990000,Micropolitan Statistical Area,NO,,NO,NO,NO,,,,NO,NO
75113,0,1400000US48057990000,"Census Tract 9900, Calhoun County, Texas",0,0,"Census Tract 9900, Calhoun County, Texas",48,48057,4805799,48057990000,Micropolitan Statistical Area,NO,,NO,NO,NO,,,,NO,NO
75249,0,1400000US48061990000,"Census Tract 9900, Cameron County, Texas",0,0,"Census Tract 9900, Cameron County, Texas",48,48061,4806199,48061990000,Metropolitan Statistical Area,NO,,NO,NO,YES,,,,NO,NO
75274,0,1400000US48071990000,"Census Tract 9900, Chambers County, Texas",0,0,"Census Tract 9900, Chambers County, Texas",48,48071,4807199,48071990000,Metropolitan Statistical Area,NO,,NO,NO,YES,,,,NO,NO
77125,0,1400000US48167990000,"Census Tract 9900, Galveston County, Texas",0,0,"Census Tract 9900, Galveston County, Texas",48,48167,4816799,48167990000,Metropolitan Statistical Area,NO,,NO,NO,YES,,,,NO,NO
78971,0,1400000US48245990000,"Census Tract 9900, Jefferson County, Texas",0,0,"Census Tract 9900, Jefferson County, Texas",48,48245,4824599,48245990000,Metropolitan Statistical Area,NO,,NO,NO,YES,,,,NO,NO
79076,0,1400000US48261990000,"Census Tract 9900, Kenedy County, Texas",0,0,"Census Tract 9900, Kenedy County, Texas",48,48261,4826199,48261990000,Micropolitan Statistical Area,NO,,NO,NO,NO,,,,NO,NO
79108,0,1400000US48273990000,"Census Tract 9900, Kleberg County, Texas",0,0,"Census Tract 9900, Kleberg County, Texas",48,48273,4827399,48273990000,Micropolitan Statistical Area,NO,,NO,NO,NO,,,,NO,NO
79397,0,1400000US48321990000,"Census Tract 9900, Matagorda County, Texas",0,0,"Census Tract 9900, Matagorda County, Texas",48,48321,4832199,48321990000,Micropolitan Statistical Area,NO,,NO,NO,NO,,,,NO,NO
79781,0,1400000US48355990000,"Census Tract 9900, Nueces County, Texas",0,0,"Census Tract 9900, Nueces County, Texas",48,48355,4835599,48355990000,Metropolitan Statistical Area,NO,,NO,NO,YES,,,,NO,NO
81312,0,1400000US48489990000,"Census Tract 9900, Willacy County, Texas",0,0,"Census Tract 9900, Willacy County, Texas",48,48489,4848999,48489990000,Micropolitan Statistical Area,NO,,NO,NO,NO,,,,NO,NO
82475,0,1400000US51001990200,"Census Tract 9902, Accomack County, Virginia",0,0,"Census Tract 9902, Accomack County, Virginia",51,51001,5100199,51001990200,,NO,,NO,NO,NO,,,,NO,NO
83413,0,1400000US51103990100,"Census Tract 9901, Lancaster County, Virginia",0,0,"Census Tract 9901, Lancaster County, Virginia",51,51103,5110399,51103990100,,NO,,NO,NO,NO,,,,NO,NO
83518,0,1400000US51115990100,"Census Tract 9901, Mathews County, Virginia",0,0,"Census Tract 9901, Mathews County, Virginia",51,51115,5111599,51115990100,Metropolitan Statistical Area,NO,,NO,NO,YES,,,,NO,NO
83535,0,1400000US51119990100,"Census Tract 9901, Middlesex County, Virginia",0,0,"Census Tract 9901, Middlesex County, Virginia",51,51119,5111999,51119990100,,NO,,NO,NO,NO,,,,NO,NO
83577,0,1400000US51133990100,"Census Tract 9901, Northumberland County, Virginia",0,0,"Census Tract 9901, Northumberland County, Virginia",51,51133,5113399,51133990100,,NO,,NO,NO,NO,,,,NO,NO
84008,0,1400000US51199990100,"Census Tract 9901, York County, Virginia",0,0,"Census Tract 9901, York County, Virginia",51,51199,5119999,51199990100,Metropolitan Statistical Area,NO,,NO,NO,YES,,,,NO,NO
84225,0,1400000US51650990100,"Census Tract 9901, Hampton city, Virginia",0,0,"Census Tract 9901, Hampton city, Virginia",51,51650,5165099,51650990100,Metropolitan Statistical Area,NO,,NO,NO,YES,,,,NO,NO
84755,0,1400000US51810990100,"Census Tract 9901, Virginia Beach city, Virginia",0,0,"Census Tract 9901, Virginia Beach city, Virginia",51,51810,5181099,51810990100,Metropolitan Statistical Area,NO,,NO,NO,YES,,,,NO,NO
85116,0,1400000US53027990000,"Census Tract 9900, Grays Harbor County, Washington",0,0,"Census Tract 9900, Grays Harbor County, Washington",53,53027,5302799,53027990000,Micropolitan Statistical Area,NO,,NO,NO,NO,,,,NO,NO
85151,0,1400000US53031990000,"Census Tract 9900, Jefferson County, Washington",0,0,"Census Tract 9900, Jefferson County, Washington",53,53031,5303199,53031990000,,NO,,NO,NO,NO,,,,NO,NO
85674,0,1400000US53033990100,"Census Tract 9901, King County, Washington",0,0,"Census Tract 9901, King County, Washington",53,53033,5303399,53033990100,Metropolitan Statistical Area,NO,,NO,NO,YES,,,,NO,NO
85969,1572,1400000US53053072410,"Census Tract 724.10, Pierce County, Washington",70,3613,"Census Tract 724.10, Pierce County, Washington",53,53053,5305307,53053072410,Metropolitan Statistical Area,YES,4.45,YES,YES,YES,,,,YES,NO
86272,0,1400000US53061990002,"Census Tract 9900.02, Snohomish County, Washington",0,0,"Census Tract 9900.02, Snohomish County, Washington",53,53061,5306199,53061990002,Metropolitan Statistical Area,NO,,NO,NO,YES,,,,NO,NO
86569,456,1400000US53073010900,"Census Tract 109, Whatcom County, Washington",6,955,"Census Tract 109, Whatcom County, Washington",53,53073,5307301,53073010900,Metropolitan Statistical Area,NO,1.32,NO,NO,YES,,,,NO,NO
86570,569,1400000US53073011000,"Census Tract 110, Whatcom County, Washington",28,1100,"Census Tract 110, Whatcom County, Washington",53,53073,5307301,53073011000,Metropolitan Statistical Area,NO,4.92,YES,YES,YES,,,,YES,NO
87238,0,1400000US55003990000,"Census Tract 9900, Ashland County, Wisconsin",0,0,"Census Tract 9900, Ashland County, Wisconsin",55,55003,5500399,55003990000,,NO,,NO,NO,NO,,,,NO,NO
87257,0,1400000US55007990000,"Census Tract 9900, Bayfield County, Wisconsin",0,0,"Census Tract 9900, Bayfield County, Wisconsin",55,55007,5500799,55007990000,,NO,,NO,NO,NO,,,,NO,NO
87533,0,1400000US55029990000,"Census Tract 9900, Door County, Wisconsin",0,0,"Census Tract 9900, Door County, Wisconsin",55,55029,5502999,55029990000,,NO,,NO,NO,NO,,,,NO,NO
87548,0,1400000US55031990000,"Census Tract 9900, Douglas County, Wisconsin",0,0,"Census Tract 9900, Douglas County, Wisconsin",55,55031,5503199,55031990000,Metropolitan Statistical Area,NO,,NO,NO,YES,,,,NO,NO
87653,0,1400000US55051990000,"Census Tract 9900, Iron County, Wisconsin",0,0,"Census Tract 9900, Iron County, Wisconsin",55,55051,5505199,55051990000,,NO,,NO,NO,NO,,,,NO,NO
87730,0,1400000US55059990000,"Census Tract 9900, Kenosha County, Wisconsin",0,0,"Census Tract 9900, Kenosha County, Wisconsin",55,55059,5505999,55059990000,Metropolitan Statistical Area,NO,,NO,NO,YES,,,,NO,NO
87736,0,1400000US55061990000,"Census Tract 9900, Kewaunee County, Wisconsin",0,0,"Census Tract 9900, Kewaunee County, Wisconsin",55,55061,5506199,55061990000,Metropolitan Statistical Area,NO,,NO,NO,YES,,,,NO,NO
87812,0,1400000US55071990000,"Census Tract 9900, Manitowoc County, Wisconsin",0,0,"Census Tract 9900, Manitowoc County, Wisconsin",55,55071,5507199,55071990000,Micropolitan Statistical Area,NO,,NO,NO,NO,,,,NO,NO
87862,0,1400000US55075990000,"Census Tract 9900, Marinette County, Wisconsin",0,0,"Census Tract 9900, Marinette County, Wisconsin",55,55075,5507599,55075990000,Micropolitan Statistical Area,NO,,NO,NO,NO,,,,NO,NO
88172,0,1400000US55079990000,"Census Tract 9900, Milwaukee County, Wisconsin",0,0,"Census Tract 9900, Milwaukee County, Wisconsin",55,55079,5507999,55079990000,Metropolitan Statistical Area,NO,,NO,NO,YES,,,,NO,NO
88193,0,1400000US55083990000,"Census Tract 9900, Oconto County, Wisconsin",0,0,"Census Tract 9900, Oconto County, Wisconsin",55,55083,5508399,55083990000,Metropolitan Statistical Area,NO,,NO,NO,YES,,,,NO,NO
88278,0,1400000US55089990000,"Census Tract 9900, Ozaukee County, Wisconsin",0,0,"Census Tract 9900, Ozaukee County, Wisconsin",55,55089,5508999,55089990000,Metropolitan Statistical Area,NO,,NO,NO,YES,,,,NO,NO
88370,0,1400000US55101990000,"Census Tract 9900, Racine County, Wisconsin",0,0,"Census Tract 9900, Racine County, Wisconsin",55,55101,5510199,55101990000,Metropolitan Statistical Area,NO,,NO,NO,YES,,,,NO,NO
88516,0,1400000US55117990000,"Census Tract 9900, Sheboygan County, Wisconsin",0,0,"Census Tract 9900, Sheboygan County, Wisconsin",55,55117,5511799,55117990000,Metropolitan Statistical Area,NO,,NO,NO,YES,,,,NO,NO
88977,0,1400000US72003990000,"Census Tract 9900, Aguada Municipio, Puerto Rico",0,0,"Census Tract 9900, Aguada Municipio, Puerto Rico",72,72003,7200399,72003990000,Metropolitan Statistical Area,NO,,NO,NO,YES,,,,NO,NO
88994,0,1400000US72005990000,"Census Tract 9900, Aguadilla Municipio, Puerto Rico",0,0,"Census Tract 9900, Aguadilla Municipio, Puerto Rico",72,72005,7200599,72005990000,Metropolitan Statistical Area,NO,,NO,NO,YES,,,,NO,NO
89014,0,1400000US72011990000,"Census Tract 9900, Aasco Municipio, Puerto Rico",0,0,"Census Tract 9900, Aasco Municipio, Puerto Rico",72,72011,7201199,72011990000,Metropolitan Statistical Area,NO,,NO,NO,YES,,,,NO,NO
89039,0,1400000US72013992900,"Census Tract 9929, Arecibo Municipio, Puerto Rico",0,0,"Census Tract 9929, Arecibo Municipio, Puerto Rico",72,72013,7201399,72013992900,Metropolitan Statistical Area,NO,,NO,NO,YES,,,,NO,NO
89044,0,1400000US72015991500,"Census Tract 9915, Arroyo Municipio, Puerto Rico",0,0,"Census Tract 9915, Arroyo Municipio, Puerto Rico",72,72015,7201599,72015991500,Metropolitan Statistical Area,NO,,NO,NO,YES,,,,NO,NO
89049,0,1400000US72017990000,"Census Tract 9900, Barceloneta Municipio, Puerto Rico",0,0,"Census Tract 9900, Barceloneta Municipio, Puerto Rico",72,72017,7201799,72017990000,Metropolitan Statistical Area,NO,,NO,NO,YES,,,,NO,NO
89141,0,1400000US72023990000,"Census Tract 9900, Cabo Rojo Municipio, Puerto Rico",0,0,"Census Tract 9900, Cabo Rojo Municipio, Puerto Rico",72,72023,7202399,72023990000,Metropolitan Statistical Area,NO,,NO,NO,YES,,,,NO,NO
89185,0,1400000US72027990000,"Census Tract 9900, Camuy Municipio, Puerto Rico",0,0,"Census Tract 9900, Camuy Municipio, Puerto Rico",72,72027,7202799,72027990000,Metropolitan Statistical Area,NO,,NO,NO,YES,,,,NO,NO
89245,0,1400000US72031990000,"Census Tract 9900, Carolina Municipio, Puerto Rico",0,0,"Census Tract 9900, Carolina Municipio, Puerto Rico",72,72031,7203199,72031990000,Metropolitan Statistical Area,NO,,NO,NO,YES,,,,NO,NO
89261,0,1400000US72033990201,"Census Tract 9902.01, Catao Municipio, Puerto Rico",0,0,"Census Tract 9902.01, Catao Municipio, Puerto Rico",72,72033,7203399,72033990201,Metropolitan Statistical Area,NO,,NO,NO,YES,,,,NO,NO
89277,0,1400000US72037990000,"Census Tract 9900, Ceiba Municipio, Puerto Rico",0,0,"Census Tract 9900, Ceiba Municipio, Puerto Rico",72,72037,7203799,72037990000,Metropolitan Statistical Area,NO,,NO,NO,YES,,,,NO,NO
89322,0,1400000US72051990021,"Census Tract 9900.21, Dorado Municipio, Puerto Rico",0,0,"Census Tract 9900.21, Dorado Municipio, Puerto Rico",72,72051,7205199,72051990021,Metropolitan Statistical Area,NO,,NO,NO,YES,,,,NO,NO
89333,0,1400000US72053990103,"Census Tract 9901.03, Fajardo Municipio, Puerto Rico",0,0,"Census Tract 9901.03, Fajardo Municipio, Puerto Rico",72,72053,7205399,72053990103,Metropolitan Statistical Area,NO,,NO,NO,YES,,,,NO,NO
89343,0,1400000US72055990000,"Census Tract 9900, Gunica Municipio, Puerto Rico",0,0,"Census Tract 9900, Gunica Municipio, Puerto Rico",72,72055,7205599,72055990000,Metropolitan Statistical Area,NO,,NO,NO,YES,,,,NO,NO
89357,0,1400000US72057992600,"Census Tract 9926, Guayama Municipio, Puerto Rico",0,0,"Census Tract 9926, Guayama Municipio, Puerto Rico",72,72057,7205799,72057992600,Metropolitan Statistical Area,NO,,NO,NO,YES,,,,NO,NO
89363,0,1400000US72059990001,"Census Tract 9900.01, Guayanilla Municipio, Puerto Rico",0,0,"Census Tract 9900.01, Guayanilla Municipio, Puerto Rico",72,72059,7205999,72059990001,Metropolitan Statistical Area,NO,,NO,NO,YES,,,,NO,NO
89408,0,1400000US72065990016,"Census Tract 9900.16, Hatillo Municipio, Puerto Rico",0,0,"Census Tract 9900.16, Hatillo Municipio, Puerto Rico",72,72065,7206599,72065990016,Metropolitan Statistical Area,NO,,NO,NO,YES,,,,NO,NO
89427,0,1400000US72069991800,"Census Tract 9918, Humacao Municipio, Puerto Rico",0,0,"Census Tract 9918, Humacao Municipio, Puerto Rico",72,72069,7206999,72069991800,Metropolitan Statistical Area,NO,,NO,NO,YES,,,,NO,NO
89440,0,1400000US72071990000,"Census Tract 9900, Isabela Municipio, Puerto Rico",0,0,"Census Tract 9900, Isabela Municipio, Puerto Rico",72,72071,7207199,72071990000,Metropolitan Statistical Area,NO,,NO,NO,YES,,,,NO,NO
89456,0,1400000US72075990001,"Census Tract 9900.01, Juana Daz Municipio, Puerto Rico",0,0,"Census Tract 9900.01, Juana Daz Municipio, Puerto Rico",72,72075,7207599,72075990001,Metropolitan Statistical Area,NO,,NO,NO,YES,,,,NO,NO
89471,0,1400000US72079991100,"Census Tract 9911, Lajas Municipio, Puerto Rico",0,0,"Census Tract 9911, Lajas Municipio, Puerto Rico",72,72079,7207999,72079991100,Metropolitan Statistical Area,NO,,NO,NO,YES,,,,NO,NO
89505,0,1400000US72087990000,"Census Tract 9900, Loza Municipio, Puerto Rico",0,0,"Census Tract 9900, Loza Municipio, Puerto Rico",72,72087,7208799,72087990000,Metropolitan Statistical Area,NO,,NO,NO,YES,,,,NO,NO
89511,0,1400000US72089990001,"Census Tract 9900.01, Luquillo Municipio, Puerto Rico",0,0,"Census Tract 9900.01, Luquillo Municipio, Puerto Rico",72,72089,7208999,72089990001,Metropolitan Statistical Area,NO,,NO,NO,YES,,,,NO,NO
89521,0,1400000US72091990025,"Census Tract 9900.25, Manat Municipio, Puerto Rico",0,0,"Census Tract 9900.25, Manat Municipio, Puerto Rico",72,72091,7209199,72091990025,Metropolitan Statistical Area,NO,,NO,NO,YES,,,,NO,NO
89527,0,1400000US72095990000,"Census Tract 9900, Maunabo Municipio, Puerto Rico",0,0,"Census Tract 9900, Maunabo Municipio, Puerto Rico",72,72095,7209599,72095990000,Metropolitan Statistical Area,NO,,NO,NO,YES,,,,NO,NO
89553,0,1400000US72097990000,"Census Tract 9900, Mayagez Municipio, Puerto Rico",0,0,"Census Tract 9900, Mayagez Municipio, Puerto Rico",72,72097,7209799,72097990000,Metropolitan Statistical Area,NO,,NO,NO,YES,,,,NO,NO
89573,0,1400000US72103990013,"Census Tract 9900.13, Naguabo Municipio, Puerto Rico",0,0,"Census Tract 9900.13, Naguabo Municipio, Puerto Rico",72,72103,7210399,72103990013,Metropolitan Statistical Area,NO,,NO,NO,YES,,,,NO,NO
89590,0,1400000US72109990000,"Census Tract 9900, Patillas Municipio, Puerto Rico",0,0,"Census Tract 9900, Patillas Municipio, Puerto Rico",72,72109,7210999,72109990000,Metropolitan Statistical Area,NO,,NO,NO,YES,,,,NO,NO
89643,0,1400000US72113993000,"Census Tract 9930, Ponce Municipio, Puerto Rico",0,0,"Census Tract 9930, Ponce Municipio, Puerto Rico",72,72113,7211399,72113993000,Metropolitan Statistical Area,NO,,NO,NO,YES,,,,NO,NO
89650,0,1400000US72115990000,"Census Tract 9900, Quebradillas Municipio, Puerto Rico",0,0,"Census Tract 9900, Quebradillas Municipio, Puerto Rico",72,72115,7211599,72115990000,Metropolitan Statistical Area,NO,,NO,NO,YES,,,,NO,NO
89656,0,1400000US72117990400,"Census Tract 9904, Rincn Municipio, Puerto Rico",0,0,"Census Tract 9904, Rincn Municipio, Puerto Rico",72,72117,7211799,72117990400,Metropolitan Statistical Area,NO,,NO,NO,YES,,,,NO,NO
89669,0,1400000US72119992700,"Census Tract 9927, Ro Grande Municipio, Puerto Rico",0,0,"Census Tract 9927, Ro Grande Municipio, Puerto Rico",72,72119,7211999,72119992700,Metropolitan Statistical Area,NO,,NO,NO,YES,,,,NO,NO
89687,0,1400000US72123992800,"Census Tract 9928, Salinas Municipio, Puerto Rico",0,0,"Census Tract 9928, Salinas Municipio, Puerto Rico",72,72123,7212399,72123992800,Micropolitan Statistical Area,NO,,NO,NO,NO,,,,NO,NO
89832,0,1400000US72127990000,"Census Tract 9900, San Juan Municipio, Puerto Rico",0,0,"Census Tract 9900, San Juan Municipio, Puerto Rico",72,72127,7212799,72127990000,Metropolitan Statistical Area,NO,,NO,NO,YES,,,,NO,NO
89856,0,1400000US72133990000,"Census Tract 9900, Santa Isabel Municipio, Puerto Rico",0,0,"Census Tract 9900, Santa Isabel Municipio, Puerto Rico",72,72133,7213399,72133990000,Micropolitan Statistical Area,NO,,NO,NO,NO,,,,NO,NO
89897,0,1400000US72137990000,"Census Tract 9900, Toa Baja Municipio, Puerto Rico",0,0,"Census Tract 9900, Toa Baja Municipio, Puerto Rico",72,72137,7213799,72137990000,Metropolitan Statistical Area,NO,,NO,NO,YES,,,,NO,NO
89932,0,1400000US72143990000,"Census Tract 9900, Vega Alta Municipio, Puerto Rico",0,0,"Census Tract 9900, Vega Alta Municipio, Puerto Rico",72,72143,7214399,72143990000,Metropolitan Statistical Area,NO,,NO,NO,YES,,,,NO,NO
89946,0,1400000US72145990000,"Census Tract 9900, Vega Baja Municipio, Puerto Rico",0,0,"Census Tract 9900, Vega Baja Municipio, Puerto Rico",72,72145,7214599,72145990000,Metropolitan Statistical Area,NO,,NO,NO,YES,,,,NO,NO
89949,0,1400000US72147990000,"Census Tract 9900, Vieques Municipio, Puerto Rico",0,0,"Census Tract 9900, Vieques Municipio, Puerto Rico",72,72147,7214799,72147990000,,NO,,NO,NO,NO,,,,NO,NO
89965,0,1400000US72151990000,"Census Tract 9900, Yabucoa Municipio, Puerto Rico",0,0,"Census Tract 9900, Yabucoa Municipio, Puerto Rico",72,72151,7215199,72151990000,Metropolitan Statistical Area,NO,,NO,NO,YES,,,,NO,NO
89977,164759496,0100000US,United States,8870516,326569308,United States,,,,,,YES,5.38,YES,YES,NO,,,,YES,YES
89978,0,,,0,0,,,0nan00nan,,,nan,NO,,NO,NO,NO,,,,NO,NO
89979,0,,,0,0,,,0nan00nan,,,nan,NO,,NO,NO,NO,,,,NO,NO
89980,0,,,0,0,,,0nan00nan,,,nan,NO,,NO,NO,NO,,,,NO,NO
89981,0,,,0,0,,,0nan00nan,,,nan,NO,,NO,NO,NO,,,,NO,NO
